{"bios/justin-x-hale/bio.md": 1746120838.1172318, "bios/allison-wolfe/bio.md": 1746120719.0159798}